{"IcoMoonType":"selection","icons":[{"icon":{"paths":["M679.731 97.525h-336.898c-168.451 0-252.677 84.225-252.677 252.676v547.462c0 23.162 18.951 42.113 42.113 42.113h547.462c168.45 0 252.677-84.226 252.677-252.677v-336.898c0-168.451-84.226-252.676-252.677-252.676z","M549.605 343.462l-218.565 218.563c-8.424 8.424-16.423 24.847-18.108 36.64l-11.791 83.383c-4.213 30.32 16.845 51.376 47.165 47.165l83.383-11.791c11.791-1.685 28.216-9.687 36.637-18.108l218.565-218.565c37.481-37.481 55.589-81.276 0-136.865-55.589-56.010-99.387-38.324-137.287-0.422z","M518.441 374.626c18.53 66.116 70.327 118.335 136.865 136.865"],"attrs":[{"fill":"none","stroke":"rgb(249, 185, 133)","strokeLinejoin":"round","strokeLinecap":"round","strokeMiterlimit":"4","strokeWidth":38.76571428571429},{"fill":"none","stroke":"rgb(249, 185, 133)","strokeLinejoin":"round","strokeLinecap":"round","strokeMiterlimit":"10","strokeWidth":38.76571428571429},{"fill":"none","stroke":"rgb(249, 185, 133)","strokeLinejoin":"round","strokeLinecap":"round","strokeMiterlimit":"10","strokeWidth":38.76571428571429}],"isMulticolor":false,"isMulticolor2":false,"grid":0,"tags":["pencil-ico"]},"attrs":[{"fill":"none","stroke":"rgb(249, 185, 133)","strokeLinejoin":"round","strokeLinecap":"round","strokeMiterlimit":"4","strokeWidth":38.76571428571429},{"fill":"none","stroke":"rgb(249, 185, 133)","strokeLinejoin":"round","strokeLinecap":"round","strokeMiterlimit":"10","strokeWidth":38.76571428571429},{"fill":"none","stroke":"rgb(249, 185, 133)","strokeLinejoin":"round","strokeLinecap":"round","strokeMiterlimit":"10","strokeWidth":38.76571428571429}],"properties":{"order":2,"id":1,"prevSize":32,"code":59648,"name":"pencil-ico"},"setIdx":0,"setId":2,"iconIdx":1}],"height":1024,"metadata":{"name":"icomoon"},"preferences":{"showGlyphs":true,"showQuickUse":true,"showQuickUse2":true,"showSVGs":true,"fontPref":{"prefix":"icon-","metadata":{"fontFamily":"icomoon"},"metrics":{"emSize":1024,"baseline":6.25,"whitespace":50},"embed":false},"imagePref":{"prefix":"icon-","png":true,"useClassSelector":true,"color":0,"bgColor":16777215,"classSelector":".icon"},"historySize":50,"showCodes":true,"gridSize":16,"showGrid":false}}